{
  "mean": {
    "json": {
      "write_f32_dtoa": 461378.35801390256,
      "write_f32_fmt": 719307.7124627023,
      "write_f32_lexical": 189635.99719726352,
      "write_f32_ryu": 190450.7879288966,
      "write_f64_dtoa": 577820.7197955393,
      "write_f64_fmt": 878496.9313095256,
      "write_f64_lexical": 218918.2442860449,
      "write_f64_ryu": 220527.51820458708
    },
    "random_big_ints": {
      "write_f32_dtoa": 677.4802203337779,
      "write_f32_fmt": 6933.659062453807,
      "write_f32_lexical": 687.2857232017188,
      "write_f32_ryu": 7956.051716032546,
      "write_f64_dtoa": 32095.5771650209,
      "write_f64_fmt": 54116.72829946865,
      "write_f64_lexical": 11793.966549609258,
      "write_f64_ryu": 12875.248509338084
    },
    "random_big_int_dot_int": {
      "write_f32_dtoa": 19007.47627620764,
      "write_f32_fmt": 51083.63547119116,
      "write_f32_lexical": 7533.102641032337,
      "write_f32_ryu": 8534.952379419321,
      "write_f64_dtoa": 28207.182157218158,
      "write_f64_fmt": 52919.37667063628,
      "write_f64_lexical": 12500.831208790343,
      "write_f64_ryu": 13277.605803617673
    },
    "random_one_over_rand32": {
      "write_f32_dtoa": 18794.57452967312,
      "write_f32_fmt": 42798.12983940262,
      "write_f32_lexical": 7831.019773264651,
      "write_f32_ryu": 8015.399598761854,
      "write_f64_dtoa": 30730.16435527314,
      "write_f64_fmt": 48872.78939834361,
      "write_f64_lexical": 11804.756104689168,
      "write_f64_ryu": 13312.297264839433
    },
    "random_simple_int32": {
      "write_f32_dtoa": 19247.469693610765,
      "write_f32_fmt": 51601.69987781405,
      "write_f32_lexical": 7550.074716599903,
      "write_f32_ryu": 8610.091837168335,
      "write_f64_dtoa": 21900.597930871583,
      "write_f64_fmt": 45253.377181618,
      "write_f64_lexical": 9814.26899972984,
      "write_f64_ryu": 24440.294339373937
    },
    "random_simple_int64": {
      "write_f32_dtoa": 21514.836337094963,
      "write_f32_fmt": 51257.304468608585,
      "write_f32_lexical": 7825.497139859009,
      "write_f32_ryu": 7774.32956314745,
      "write_f64_dtoa": 30697.730584103392,
      "write_f64_fmt": 54250.44154326708,
      "write_f64_lexical": 11694.502853415885,
      "write_f64_ryu": 14146.608414549744
    },
    "random_simple_uniform32": {
      "write_f32_dtoa": 18843.560469469434,
      "write_f32_fmt": 42324.43258991521,
      "write_f32_lexical": 7876.017037050151,
      "write_f32_ryu": 7984.705142776885,
      "write_f64_dtoa": 28297.556745623075,
      "write_f64_fmt": 48500.10895318673,
      "write_f64_lexical": 11525.64341481242,
      "write_f64_ryu": 12097.282515498211
    },
    "random_special": {
      "write_f32_dtoa": 18497.167045938037,
      "write_f32_fmt": 52647.83464526346,
      "write_f32_lexical": 7833.193537503694,
      "write_f32_ryu": 8150.508882606333,
      "write_f64_dtoa": 29819.026911704288,
      "write_f64_fmt": 73855.74120491908,
      "write_f64_lexical": 12412.590550112678,
      "write_f64_ryu": 13616.853573980943
    },
    "random_uniform": {
      "write_f32_dtoa": 18990.742521994373,
      "write_f32_fmt": 42506.46755615478,
      "write_f32_lexical": 7914.347877081458,
      "write_f32_ryu": 7917.735943116996,
      "write_f64_dtoa": 28206.351558533293,
      "write_f64_fmt": 47799.61747905906,
      "write_f64_lexical": 11477.515007648344,
      "write_f64_ryu": 12207.140987552537
    }
  },
  "lower": {
    "json": {
      "write_f32_dtoa": 459627.8189560663,
      "write_f32_fmt": 717933.49690303,
      "write_f32_lexical": 188954.03880892575,
      "write_f32_ryu": 189567.71764094257,
      "write_f64_dtoa": 576758.4565771712,
      "write_f64_fmt": 877243.5907951865,
      "write_f64_lexical": 218128.91760109988,
      "write_f64_ryu": 219734.72711922345
    },
    "random_big_ints": {
      "write_f32_dtoa": 675.4702432204635,
      "write_f32_fmt": 6922.247022073225,
      "write_f32_lexical": 686.3376294871097,
      "write_f32_ryu": 7926.648995956067,
      "write_f64_dtoa": 31950.112109592697,
      "write_f64_fmt": 54012.88749635579,
      "write_f64_lexical": 11768.729056038139,
      "write_f64_ryu": 12817.18057152399
    },
    "random_big_int_dot_int": {
      "write_f32_dtoa": 18942.920884067084,
      "write_f32_fmt": 50693.31779749393,
      "write_f32_lexical": 7521.253511204854,
      "write_f32_ryu": 8520.243052210482,
      "write_f64_dtoa": 28080.44748435665,
      "write_f64_fmt": 52840.531376314764,
      "write_f64_lexical": 12477.675662226196,
      "write_f64_ryu": 13239.414042106104
    },
    "random_one_over_rand32": {
      "write_f32_dtoa": 18698.07489322772,
      "write_f32_fmt": 42730.009070512635,
      "write_f32_lexical": 7816.207099454745,
      "write_f32_ryu": 7982.725566008037,
      "write_f64_dtoa": 30596.822619314087,
      "write_f64_fmt": 48778.06421701826,
      "write_f64_lexical": 11769.673657369614,
      "write_f64_ryu": 13267.295064508633
    },
    "random_simple_int32": {
      "write_f32_dtoa": 19183.092038325434,
      "write_f32_fmt": 51489.316809488526,
      "write_f32_lexical": 7533.067255665403,
      "write_f32_ryu": 8594.797121084262,
      "write_f64_dtoa": 21859.7998854551,
      "write_f64_fmt": 45171.214012476405,
      "write_f64_lexical": 9792.399938753444,
      "write_f64_ryu": 24373.350695276284
    },
    "random_simple_int64": {
      "write_f32_dtoa": 21384.71951910717,
      "write_f32_fmt": 51168.05343509808,
      "write_f32_lexical": 7814.664409115396,
      "write_f32_ryu": 7750.084206241464,
      "write_f64_dtoa": 30565.41255486978,
      "write_f64_fmt": 54163.464251201505,
      "write_f64_lexical": 11668.844429827928,
      "write_f64_ryu": 14101.949895445709
    },
    "random_simple_uniform32": {
      "write_f32_dtoa": 18760.020781063857,
      "write_f32_fmt": 42269.17251822671,
      "write_f32_lexical": 7854.387464404161,
      "write_f32_ryu": 7955.15727605872,
      "write_f64_dtoa": 28146.878454487236,
      "write_f64_fmt": 48425.261030965194,
      "write_f64_lexical": 11502.704838027252,
      "write_f64_ryu": 12057.746146805363
    },
    "random_special": {
      "write_f32_dtoa": 18437.090943348554,
      "write_f32_fmt": 52505.00365529318,
      "write_f32_lexical": 7815.619980623884,
      "write_f32_ryu": 8129.414137664296,
      "write_f64_dtoa": 29625.329326211013,
      "write_f64_fmt": 73183.00007975723,
      "write_f64_lexical": 12373.405353910557,
      "write_f64_ryu": 13524.760114131637
    },
    "random_uniform": {
      "write_f32_dtoa": 18922.869120943527,
      "write_f32_fmt": 42436.92057571905,
      "write_f32_lexical": 7895.270010248547,
      "write_f32_ryu": 7899.488087547437,
      "write_f64_dtoa": 28068.097591908474,
      "write_f64_fmt": 47675.14829265233,
      "write_f64_lexical": 11453.629210750585,
      "write_f64_ryu": 12172.710667506937
    }
  },
  "upper": {
    "json": {
      "write_f32_dtoa": 463522.4463858247,
      "write_f32_fmt": 720761.7477582924,
      "write_f32_lexical": 190329.39629141416,
      "write_f32_ryu": 191514.87377965296,
      "write_f64_dtoa": 578916.8102753644,
      "write_f64_fmt": 879798.3857255081,
      "write_f64_lexical": 219839.9469474726,
      "write_f64_ryu": 221524.4371980899
    },
    "random_big_ints": {
      "write_f32_dtoa": 679.7829970477723,
      "write_f32_fmt": 6946.551516571994,
      "write_f32_lexical": 688.2181847473855,
      "write_f32_ryu": 7992.031011313322,
      "write_f64_dtoa": 32246.386038938977,
      "write_f64_fmt": 54234.68400996899,
      "write_f64_lexical": 11821.806816185632,
      "write_f64_ryu": 12936.242814847248
    },
    "random_big_int_dot_int": {
      "write_f32_dtoa": 19074.248998786134,
      "write_f32_fmt": 51556.39820702636,
      "write_f32_lexical": 7546.757067962043,
      "write_f32_ryu": 8551.20740763028,
      "write_f64_dtoa": 28346.370173354797,
      "write_f64_fmt": 53005.132387159945,