{
  "mean": {
    "json": {
      "write_f32_dtoa": 452841.6079005843,
      "write_f32_fmt": 706631.5292318505,
      "write_f32_lexical": 188195.9995621889,
      "write_f32_ryu": 190003.4601323118,
      "write_f64_dtoa": 567461.933679894,
      "write_f64_fmt": 859759.3614449928,
      "write_f64_lexical": 225570.75805128322,
      "write_f64_ryu": 219492.28102928746
    },
    "random_big_ints": {
      "write_f32_dtoa": 680.410977034487,
      "write_f32_fmt": 7056.209222763663,
      "write_f32_lexical": 691.0821923007762,
      "write_f32_ryu": 7865.742840239831,
      "write_f64_dtoa": 30844.29702249199,
      "write_f64_fmt": 54415.505675338165,
      "write_f64_lexical": 11216.244626868347,
      "write_f64_ryu": 12968.008114225378
    },
    "random_big_int_dot_int": {
      "write_f32_dtoa": 19706.624880056734,
      "write_f32_fmt": 50509.447146217215,
      "write_f32_lexical": 8092.343201431366,
      "write_f32_ryu": 8573.240601513135,
      "write_f64_dtoa": 28439.167594486767,
      "write_f64_fmt": 52048.433274779374,
      "write_f64_lexical": 13533.292997028599,
      "write_f64_ryu": 13262.611470438207
    },
    "random_one_over_rand32": {
      "write_f32_dtoa": 18881.22369112919,
      "write_f32_fmt": 42372.466424859806,
      "write_f32_lexical": 8027.576066392303,
      "write_f32_ryu": 7923.768243754839,
      "write_f64_dtoa": 29343.439519582786,
      "write_f64_fmt": 49814.448106534306,
      "write_f64_lexical": 11066.590359985565,
      "write_f64_ryu": 12827.100615887484
    },
    "random_simple_int32": {
      "write_f32_dtoa": 19053.60997356395,
      "write_f32_fmt": 51712.39987637605,
      "write_f32_lexical": 7985.970173162328,
      "write_f32_ryu": 8512.389981605593,
      "write_f64_dtoa": 22267.090453661807,
      "write_f64_fmt": 45103.43347491019,
      "write_f64_lexical": 9848.032896567083,
      "write_f64_ryu": 23456.24206856264
    },
    "random_simple_int64": {
      "write_f32_dtoa": 19869.85628176728,
      "write_f32_fmt": 51291.627229997954,
      "write_f32_lexical": 7766.501482026149,
      "write_f32_ryu": 7700.954009316366,
      "write_f64_dtoa": 30261.99255535888,
      "write_f64_fmt": 55836.7657113361,
      "write_f64_lexical": 11120.666157231102,
      "write_f64_ryu": 14100.284020854573
    },
    "random_simple_uniform32": {
      "write_f32_dtoa": 18793.165748408508,
      "write_f32_fmt": 41909.35834634292,
      "write_f32_lexical": 7655.082069890458,
      "write_f32_ryu": 7692.465650871713,
      "write_f64_dtoa": 27640.404606721702,
      "write_f64_fmt": 47526.43774400238,
      "write_f64_lexical": 10685.785783068808,
      "write_f64_ryu": 12045.630276874124
    },
    "random_special": {
      "write_f32_dtoa": 18629.767656039996,
      "write_f32_fmt": 50726.00327764174,
      "write_f32_lexical": 8112.651896524473,
      "write_f32_ryu": 8133.353795819416,
      "write_f64_dtoa": 29451.737201638567,
      "write_f64_fmt": 70062.87253483156,
      "write_f64_lexical": 11794.123111321616,
      "write_f64_ryu": 13198.569351724604
    },
    "random_uniform": {
      "write_f32_dtoa": 18368.099093702433,
      "write_f32_fmt": 41692.67945153163,
      "write_f32_lexical": 7669.804011232805,
      "write_f32_ryu": 7789.3598114247925,
      "write_f64_dtoa": 28040.843000026023,
      "write_f64_fmt": 48339.25672859455,
      "write_f64_lexical": 10769.990280082151,
      "write_f64_ryu": 12085.337427481045
    }
  },
  "lower": {
    "json": {
      "write_f32_dtoa": 451750.59579796967,
      "write_f32_fmt": 705108.0626875141,
      "write_f32_lexical": 187829.6350926541,
      "write_f32_ryu": 189011.04748389905,
      "write_f64_dtoa": 566221.8862078957,
      "write_f64_fmt": 858598.3932974926,
      "write_f64_lexical": 225057.29855376418,
      "write_f64_ryu": 218880.28054375082
    },
    "random_big_ints": {
      "write_f32_dtoa": 678.9758033820165,
      "write_f32_fmt": 7037.286161721126,
      "write_f32_lexical": 689.538279255196,
      "write_f32_ryu": 7842.994144818634,
      "write_f64_dtoa": 30628.218662583895,
      "write_f64_fmt": 54297.11674903388,
      "write_f64_lexical": 11191.58614797544,
      "write_f64_ryu": 12935.285204051068
    },
    "random_big_int_dot_int": {
      "write_f32_dtoa": 19623.122731461903,
      "write_f32_fmt": 50329.26781143797,
      "write_f32_lexical": 8062.808802366161,
      "write_f32_ryu": 8563.036516591636,
      "write_f64_dtoa": 28311.526878651304,
      "write_f64_fmt": 51965.85404840833,
      "write_f64_lexical": 13464.461301988853,
      "write_f64_ryu": 13223.035248853594
    },
    "random_one_over_rand32": {
      "write_f32_dtoa": 18796.44905432977,
      "write_f32_fmt": 42292.0878216951,
      "write_f32_lexical": 8007.358299689933,
      "write_f32_ryu": 7898.020511707026,
      "write_f64_dtoa": 29195.04924937799,
      "write_f64_fmt": 49700.49574428631,
      "write_f64_lexical": 11042.74035690527,
      "write_f64_ryu": 12779.205166152204
    },
    "random_simple_int32": {
      "write_f32_dtoa": 18941.73626137774,
      "write_f32_fmt": 51598.47044464475,
      "write_f32_lexical": 7958.4790610726,
      "write_f32_ryu": 8498.94027432897,
      "write_f64_dtoa": 22194.777231658936,
      "write_f64_fmt": 44993.801217592045,
      "write_f64_lexical": 9831.32489163394,
      "write_f64_ryu": 23407.275686977082
    },
    "random_simple_int64": {
      "write_f32_dtoa": 19761.422942267614,
      "write_f32_fmt": 51191.74293787825,
      "write_f32_lexical": 7745.8451384082055,
      "write_f32_ryu": 7671.892058388346,
      "write_f64_dtoa": 30153.329081690837,
      "write_f64_fmt": 55697.83768642527,
      "write_f64_lexical": 11102.570342744631,
      "write_f64_ryu": 14067.41325352669
    },
    "random_simple_uniform32": {
      "write_f32_dtoa": 18703.57374373383,
      "write_f32_fmt": 41825.00081243958,
      "write_f32_lexical": 7637.038322182142,
      "write_f32_ryu": 7669.38241601169,
      "write_f64_dtoa": 27490.48776496416,
      "write_f64_fmt": 47344.42054047797,
      "write_f64_lexical": 10665.731451543761,
      "write_f64_ryu": 12003.336851738723
    },
    "random_special": {
      "write_f32_dtoa": 18468.725347823183,
      "write_f32_fmt": 50559.66944571537,
      "write_f32_lexical": 8078.022153316184,
      "write_f32_ryu": 8104.731797253897,
      "write_f64_dtoa": 29243.340408887598,
      "write_f64_fmt": 69835.065856024,
      "write_f64_lexical": 11767.168683767683,
      "write_f64_ryu": 13132.731078972616
    },
    "random_uniform": {
      "write_f32_dtoa": 18309.98950851013,
      "write_f32_fmt": 41658.02755570533,
      "write_f32_lexical": 7653.464929243146,
      "write_f32_ryu": 7764.594617458218,
      "write_f64_dtoa": 27887.57771672044,
      "write_f64_fmt": 48254.75301073614,
      "write_f64_lexical": 10752.198816627342,
      "write_f64_ryu": 12050.601138357322
    }
  },
  "upper": {
    "json": {
      "write_f32_dtoa": 454107.8307005065,
      "write_f32_fmt": 708342.4079749391,
      "write_f32_lexical": 188566.00783860867,
      "write_f32_ryu": 191068.3605869863,
      "write_f64_dtoa": 568807.3612821463,
      "write_f64_fmt": 861319.9174969795,
      "write_f64_lexical": 226171.85939152917,
      "write_f64_ryu": 220151.36469414094
    },
    "random_big_ints": {
      "write_f32_dtoa": 681.8850196385764,
      "write_f32_fmt": 7076.750029430707,
      "write_f32_lexical": 692.9599307816626,
      "write_f32_ryu": 7888.248250052977,
      "write_f64_dtoa": 31100.933528515685,
      "write_f64_fmt": 54554.97038962622,
      "write_f64_lexical": 11243.345343437857,
      "write_f64_ryu": 13001.13143566695
    },
    "random_big_int_dot_int": {
      "write_f32_dtoa": 19800.0083444881,
      "write_f32_fmt": 50705.69199172255,
      "write_f32_lexical": 8123.950771085032,
      "write_f32_ryu": 8583.854317647018,
      "write_f64_dtoa": 28571.50159308209,
      "write_f64_fmt": 52135.118492642534,
      "write_f64_lexical": 13623.237301350491,